{
    "0": {
        "id": 0,
        "geometry": [
            0.004,
            0.004,
            0.12617670243155718
        ],
        "position": [
            0.3321413576602936,
            0.18785864114761355,
            0.2607067942619324
        ],
        "rotation_matrix": [
            [
                0.0,
                -0.9813067629253165,
                0.19245008972987498
            ],
            [
                0.9805806756909201,
                -0.03774256780481984,
                -0.19245008972987543
            ],
            [
                0.19611613513818418,
                0.18871283902409908,
                0.9622504486493763
            ]
        ]
    },
    "1": {
        "id": 1,
        "geometry": [
            0.004,
            0.004,
            0.13856406553233935
        ],
        "position": [
            0.37999999970197684,
            0.16535898447036745,
            0.2
        ],
        "rotation_matrix": [
            [
                0.49999998768147785,
                -0.0,
                0.8660254108965405
            ],
            [
                0.8660254108965405,
                0.0,
                -0.49999998768147785
            ],
            [
                0.0,
                1.0,
                0.0
            ]
        ]
    },
    "2": {
        "id": 2,
        "geometry": [
            0.004,
            0.004,
            0.13856406553233933
        ],
        "position": [
            0.36535898447036746,
            0.17999999970197678,
            0.6000000000000001
        ],
        "rotation_matrix": [
            [
                -0.8660254108965406,
                0.0,
                0.4999999876814776
            ],
            [
                -0.4999999876814776,
                -0.0,
                -0.8660254108965406
            ],
            [
                0.0,
                -1.0,
                0.0
            ]
        ]
    },
    "3": {
        "id": 3,
        "geometry": [
            0.004,
            0.004,
            0.13856406211853023
        ],
        "position": [
            0.4,
            0.24000000059604645,
            0.6000000000000001
        ],
        "rotation_matrix": [
            [
                -0.0,
                0.0,
                1.0
            ],
            [
                1.0,
                -0.0,
                0.0
            ],
            [
                0.0,
                1.0,
                0.0
            ]
        ]
    },
    "4": {
        "id": 4,
        "geometry": [
            0.004,
            0.004,
            0.17484246416849886
        ],
        "position": [
            0.3537002854049206,
            0.24615809470415118,
            0.5158788800239563
        ],
        "rotation_matrix": [
            [
                -0.9646467267716811,
                -0.0185646364070192,
                0.26289170166393006
            ],
            [
                0.0,
                0.9975159029935818,
                0.07044163026860616
            ],
            [
                -0.2635463764286689,
                0.06795128806707192,
                -0.9622504507254563
            ]
        ]
    },
    "5": {
        "id": 5,
        "geometry": [
            0.004,
            0.004,
            0.15397483454556268
        ],
        "position": [
            0.3545032769441605,
            0.19085570722818374,
            0.545721459388733
        ],
        "rotation_matrix": [
            [
                0.0,
                -0.9510780897607137,
                0.30895059018735027
            ],
            [
                -0.7412969871064469,
                -0.20736057896605625,
                -0.6383418889574506
            ],
            [
                0.6711771576170512,
                -0.22902414167064142,
                -0.7050313224425719
            ]
        ]
    },
    "6": {
        "id": 6,
        "geometry": [
            0.004,
            0.004,
            0.19243646765261546
        ],
        "position": [
            0.4229823164641857,
            0.24615809470415118,
            0.5158788800239563
        ],
        "rotation_matrix": [
            [
                -0.8760703132148039,
                0.030860373104753185,
                -0.48119480844617496
            ],
            [
                0.0,
                0.9979498137974971,
                0.06400132140464398
            ],
            [
                0.48218337414692725,
                0.05606965768912778,
                -0.8742742059462285
            ]
        ]
    },
    "7": {
        "id": 7,
        "geometry": [
            0.004,
            0.004,
            0.22866103886205838
        ],
        "position": [
            0.4612284034490586,
            0.20994345471262932,
            0.48998540639877325
        ],
        "rotation_matrix": [
            [
                0.0,
                -0.9975159033443936,
                -0.07044162530080171
            ],
            [
                -0.9646467242144168,
                0.018564635757122652,
                -0.2628917110933706
            ],
            [
                0.263546385788906,
                0.06795128309475776,
                -0.962250448512954
            ]
        ]
    },
    "8": {
        "id": 8,
        "geometry": [
            0.004,
            0.004,
            0.17240966736625052
        ],
        "position": [
            0.4237853080034256,
            0.19085570722818374,
            0.545721459388733
        ],
        "rotation_matrix": [
            [
                0.0,
                -0.8493844559175918,
                -0.5277746167120739
            ],
            [
                -0.7412969871064469,
                0.3542302671072385,
                -0.570087444846875
            ],
            [
                0.6711771576170513,
                0.3912377332399202,
                -0.6296461380667596
            ]
        ]
    },
    "9": {
        "id": 9,
        "geometry": [
            0.004,
            0.004,
            0.2408497293482444
        ],
        "position": [
            0.4083413012325764,
            0.2607991099357605,
            0.3158788800239563
        ],
        "rotation_matrix": [
            [
                -0.9646467228667335,
                -0.018564631572781144,
                0.2628917163340036
            ],
            [
                0.0,
                0.9975159045586911,
                0.07044160810526973
            ],
            [
                -0.26354639072176894,
                0.06795126641221119,
                -0.9622504483399866
            ]
        ]
    },
    "10": {
        "id": 10,
        "geometry": [
            0.004,
            0.004,
            0.11738373474631048
        ],
        "position": [
            0.41492868885397916,
            0.21610154882073404,
            0.40586428642272954
        ],
        "rotation_matrix": [
            [
                0.6875595716734696,
                0.32035061071667015,
                0.6516420195273257
            ],
            [
                0.7261279745335495,
                -0.30333513707577364,
                -0.6170299500146055
            ],
            [
                0.0,
                0.897420347902073,
                -0.4411765170216134
            ]
        ]
    },
    "11": {
        "id": 11,
        "geometry": [
            0.004,
            0.004,
            0.13817735429527725
        ],
        "position": [
            0.3604826591908932,
            0.21401673555374146,
            0.3765856742858887
        ],